"","city","lat","lng","group"
"1","Mexico City",19.4333,-99.1333,"C"
"2","Guadalajara",20.6767,-103.3475,"C"
"3","Monterrey",25.6667,-100.3,"C"
"4","Tijuana",32.525,-117.0333,"B"
"5","Ecatepec",19.6097,-99.06,"C"
"6","León de los Aldama",21.1167,-101.6833,"B"
"7","Puebla",19.0333,-98.1833,"C"
"8","Zapopan",20.7167,-103.4,"C"
"9","Juárez",31.745,-106.485,"B"
"10","Mexicali",32.6633,-115.4678,"B"
"11","Nezahualcóyotl",19.4081,-99.0186,"B"
"12","Ciudad Nezahualcóyotl",19.4006,-99.0148,"B"
"13","Morelia",19.7683,-101.1894,"C"
"14","Aguascalientes",21.876,-102.296,"B"
"15","Naucalpan de Juárez",19.4753,-99.2378,"C"
"16","Mérida",20.97,-89.62,"A"
"17","Cancún",21.1606,-86.8475,"A"
"18","Chihuahua",28.6369,-106.0769,"B"
"19","Saltillo",25.4231,-100.9919,"B"
"20","El Dorado",24.808,-107.397,"B"
"21","Hermosillo",29.0989,-110.9542,"B"
"22","Culiacán",24.8069,-107.3939,"B"
"23","Querétaro",20.5875,-100.3928,"B"
"24","San Luis Potosí",22.1511,-100.9761,"B"
"25","Guadalupe",25.6775,-100.2597,"C"
"26","Acapulco de Juárez",16.8636,-99.8825,"A"
"27","Tlaquepaque",20.6167,-103.3167,"C"
"28","Durango",24.025,-104.6675,"B"
"29","Tlalnepantla",19.5367,-99.1947,"C"
"30","Chimalhuacán",19.4167,-98.9,"C"
"31","Irapuato",20.6667,-101.35,"B"
"32","Reynosa",26.0922,-98.2778,"B"
"33","Tuxtla",16.7528,-93.1167,"A"
"34","Tonalá",20.6167,-103.2333,"C"
"35","Cuautitlán Izcalli",19.65,-99.25,"C"
"36","Ixtapaluca",19.3186,-98.8822,"C"
"37","Heroica Matamoros",25.8797,-97.5042,"C"
"38","Ciudad Apodaca",25.7817,-100.1886,"C"
"39","Tultitlán de Mariano Escobedo",19.645,-99.1694,"C"
"40","Mazatlán",23.2167,-106.4167,"B"
"41","Ciudad López Mateos",19.55,-99.2833,"C"
"42","Ensenada",31.8578,-116.6058,"B"
"43","San Nicolás de los Garza",25.75,-100.2833,"B"
"44","Veracruz",19.1903,-96.1533,"A"
"45","Xalapa",19.54,-96.9275,"C"
"46","Nuevo Laredo",27.4861,-99.5069,"B"
"47","Celaya",20.5222,-100.8122,"B"
"48","Nicolás Romero",19.5833,-99.3667,"C"
"49","Tecámac",19.7131,-98.9683,"C"
"50","Minatitlán",17.9833,-94.55,"A"
"51","Villahermosa",17.9892,-92.9281,"A"
"52","Gómez Palacio",25.5611,-103.4983,"B"
"53","Cuernavaca",18.9186,-99.2342,"A"
"54","Uruapan",19.4208,-102.0628,"C"
"55","Tepic",21.5083,-104.8931,"C"
"56","Soledad de Graciano Sánchez",22.1833,-100.9333,"B"
"57","Ciudad Obregón",27.4939,-109.9389,"B"
"58","Salamanca",20.5703,-101.1972,"C"
"59","Guasavito",25.5744,-108.4706,"B"
"60","Tehuacán",18.4617,-97.3928,"B"
"61","Coatzacoalcos",18.15,-94.4333,NA
"62","Chalco",19.2647,-98.8975,"C"
"63","Ciudad Benito Juárez",25.65,-100.0833,"C"
"64","Ciudad Santa Catarina",25.6833,-100.45,"B"
"65","Ciudad Victoria",23.7389,-99.1431,"C"
"66","Playa del Carmen",20.6281,-87.0755,"A"
"67","San Juan del Río",20.3833,-99.9833,"B"
"68","Oaxaca",17.0606,-96.7253,"B"
"69","Ciudad General Escobedo",25.7933,-100.1583,"C"
"70","Los Mochis",25.7835,-108.9937,"B"
"71","Pachuca",20.1,-98.75,"C"
"72","Tampico",22.2553,-97.8686,"A"
"73","Coacalco",19.6333,-99.0931,"C"
"74","Huixquilucan",19.3611,-99.3508,"C"
"75","Nogales",31.3,-110.9333,"B"
"76","Heroica Nogales",31.3186,-110.9458,"B"
"77","La Paz",24.1422,-110.3108,"B"
"78","Campeche",19.85,-90.5306,NA
"79","Carmen",18.6431,-91.8306,"A"
"80","Monclova",26.9103,-101.4222,"B"
"81","García",25.8167,-100.5833,"B"
"82","Fresnillo",23.175,-102.8675,"B"
"83","Puerto Vallarta",20.6458,-105.2222,"A"
"84","Toluca",19.2925,-99.6569,"C"
"85","Tapachula",14.9,-92.2667,"A"
"86","Jiutepec",18.8833,-99.1667,"A"
"87","Comalcalco",18.2801,-93.2018,"A"
"88","Guadalupe",22.7528,-102.5078,"B"
"89","Zamora",19.9833,-102.2833,"C"
"90","Córdoba",18.8942,-96.9347,"C"
"91","Ciudad Madero",22.25,-97.8333,"A"
"92","Cuautla",18.8167,-98.95,"A"
"93","Guanajuato",21.0178,-101.2567,"C"
"94","Ciudad del Carmen",18.6333,-91.8333,"A"
"95","Manzanillo",19.0522,-104.3158,"A"
"96","Poza Rica de Hidalgo",20.5333,-97.45,"A"
"97","Chilpancingo",17.55,-99.5,"A"
"98","San Cristóbal",16.7367,-92.6383,"C"
"99","Cuauhtémoc",28.405,-106.8667,"B"
"100","Cuautitlán",19.6833,-99.1833,"C"
"101","Ciudad Valles",21.9833,-99.0167,"A"
"102","San Luis Río Colorado",32.4767,-114.7625,"B"
"103","Santa María Texmelucan",19.2833,-98.4333,"C"
"104","Chicoloapan",19.4167,-98.9,"C"
"105","Piedras Negras",28.7,-100.5231,"C"
"106","Lagos de Moreno",21.35,-101.9167,"B"
"107","Chetumal",18.5036,-88.3053,"A"
"108","San Martin Texmelucan de Labastida",19.2833,-98.4333,"C"
"109","Tuxtepec",18.1,-96.1167,"A"
"110","San Andrés Tuxtla",18.4483,-95.2122,"A"
"111","Papantla de Olarte",20.4478,-97.32,"A"
"112","Tulancingo",20.0833,-98.3667,"C"
"113","Ciudad Acuña",29.3242,-100.9317,"B"
"114","Macuspana",17.7667,-92.6,"A"
"115","Guaymas",27.9183,-110.8933,"B"
"116","Ixtlahuaca",19.5689,-99.7669,"C"
"117","Delicias",28.1931,-105.4717,"B"
"118","Valle de Santiago",20.3928,-101.1914,"B"
"119","Pénjamo",20.4311,-101.7222,"C"
"120","Villa de Álvarez",19.25,-103.7333,"A"
"121","Pesquería",25.785,-100.0511,"C"
"122","Colima",19.2433,-103.7247,"A"
"123","Boca del Rio",19.1056,-96.1078,"A"
"124","Tepatitlán de Morelos",20.8139,-102.7639,"C"
"125","Las Maravillas",16.3667,-91.7333,"C"
"126","Iguala de la Independencia",18.345,-99.5383,"A"
"127","Kanasín",20.9344,-89.5578,"A"
"128","Cunduacán",18.0667,-93.1667,"A"
"129","San José del Cabo",23.0614,-109.7081,"B"
"130","Zinacantepec",19.2833,-99.7333,"C"
"131","Huejutla de Reyes",21.1333,-98.4167,"A"
"132","Cholula de Rivadabia",19.0633,-98.3064,"C"
"133","Apatzingan de la Constitucion",19.0886,-102.3508,"B"
"134","Orizaba",18.85,-97.1,"C"
"135","Zacatecas",22.7736,-102.5736,"B"
"136","San Pedro Garza García",25.6667,-100.3,"C"
"137","Ciudad Hidalgo",19.6917,-100.5536,"C"
"138","Navojoa",27.0813,-109.4461,"B"
"139","Chilapa de Álvarez",17.5944,-99.1778,"A"
"140","Tizayuca",19.8333,-98.9833,"C"
"141","Miramar",22.3375,-97.8694,"A"
"142","Matamoros",25.533,-103.25,"B"
"143","Heroica Guaymas",27.9183,-110.8989,"B"
"144","Tecomán",18.9089,-103.8747,"B"
"145","Temixco",18.85,-99.2333,"A"
"146","El Pueblito",20.5397,-100.4414,"B"
"147","Ciudad Guzmán",19.7,-103.4667,"B"
"148","Tlapacoyan",19.9617,-97.2108,"C"
"149","Las Delicias",28.2,-105.5,"B"
"150","Comitán",16.25,-92.1333,"C"
"151","Chilón",17.1167,-92.2833,"A"
"152","San Antonio Enchisi",19.7072,-99.7867,"C"
"153","Martínez de la Torre",20.0667,-97.05,"A"
"154","Temoaya",19.4686,-99.5933,"C"
"155","Lerma",19.2847,-99.5119,"C"
"156","Texcoco",19.52,-98.88,"C"
"157","Parral",26.9333,-105.6667,"B"
"158","Tenancingo",18.9608,-99.5906,"C"
"159","Tula de Allende",20.05,-99.35,"B"
"160","Matehuala",23.6528,-100.6444,"B"
"161","Ciudad Río Bravo",25.9861,-98.0889,"B"
"162","San Luis de la Paz",21.2986,-100.5164,"B"
"163","Playas de Rosarito",32.3422,-117.0561,NA
"164","San Felipe del Progreso",19.7125,-99.9511,"C"
"165","Ixmiquilpan",20.4819,-99.2181,"B"
"166","Tamazunchale",21.2667,-98.7833,"A"
"167","Paraíso",18.3961,-93.2128,"A"
"168","Rincón de Romos",22.2333,-102.3167,"B"
"169","Ocotlán",20.3467,-102.7744,"C"
"170","San José del Rincón Centro",19.6606,-100.1525,"C"
"171","Santa Cruz Xoxocotlán",17.0264,-96.7333,"B"
"172","Teziutlan",19.8178,-97.3667,"C"
"173","Coatepec",19.4522,-96.9614,"C"
"174","Tultepec",19.685,-99.1281,"C"
"175","Agua Prieta",31.3258,-109.5489,"B"
"176","Ciudad de Atlixco",18.9,-98.45,"C"
"177","San Francisco",30.7841,-112.518,"B"
"178","Jilotepec",19.9519,-99.5328,"C"
"179","Salinas Victoria",25.9667,-100.3,"B"
"180","Santa Rosa Jauregui",20.7418,-100.4473,"B"
"181","Guasave",25.5655,-108.4718,"B"
"182","Apaseo el Grande",20.5531,-100.6347,"B"
"183","Ciudad Mante",22.7333,-98.95,"A"
"184","Túxpam de Rodríguez Cano",20.95,-97.4,"A"
"185","Acayucan",17.9422,-94.9103,"A"
"186","La Piedad",20.3333,-102.0167,"C"
"187","La Trinidad",15.9833,-91.8667,"A"
"188","Apizaco",19.4167,-98.1333,"C"
"189","Xicotepec de Juárez",20.3,-97.9667,"C"
"190","Salina Cruz",16.1833,-95.2,"A"
"191","Tecate",32.5722,-116.6403,"C"
"192","Tala",20.6667,-103.7,"C"
"193","Maravatío de Ocampo",19.8976,-100.45,"C"
"194","San Andrés Cholula",19.05,-98.3,"C"
"195","Pátzcuaro",19.5164,-101.6097,"C"
"196","Ciudad Lerdo",25.55,-103.5167,"B"
"197","Juventino Rosas",20.65,-101,"C"
"198","Ciudad Lázaro Cárdenas",17.9561,-102.1922,"A"
"199","Sahuayo de Morelos",20.05,-102.7333,"C"
"200","Villa Victoria",19.4333,-100,"C"
"201","Huebampo",26.7228,-109.4856,NA
"202","Cozumel",20.5104,-86.9493,NA
"203","Tecamachalco",18.8667,-97.7167,"B"
"204","Tacámbaro de Codallos",19.2356,-101.4569,"C"
"205","Cadereyta Jiménez",25.6,-100,"C"
"206","Frontera",26.926,-101.449,"B"
"207","Juchitán de Zaragoza",16.4333,-95.0167,"A"
"208","Silao",20.9478,-101.4281,"B"
"209","San Francisco del Rincón",21.0228,-101.86,"B"
"210","Tejupilco",18.9058,-100.1528,"A"
"211","Linares",24.8597,-99.5647,"C"
"212","San Miguel de Allende",20.9142,-100.7436,"B"
"213","San Juan de los Lagos",21.2458,-102.3308,"C"
"214","Los Reyes de Salgado",19.5833,-102.4667,"C"
"215","Rioverde",21.93,-99.98,"B"
"216","Ixtaczoquitlán",18.85,-97.0667,"C"
"217","Purísima de Bustos",21.0333,-101.8667,"B"
"218","Jacona de Plancarte",19.9333,-102.3167,"C"
"219","Yuriria",20.2,-101.15,"C"
"220","Mineral de la Reforma",20.15,-98.4333,"C"
"221","Valle Hermoso",25.6736,-97.8144,"C"
"222","Zapotlanejo",20.6228,-103.0689,"C"
"223","Cabo San Lucas",22.8897,-109.9156,"B"
"224","Ixtlahuacán de los Membrillos",20.35,-103.1833,"C"
"225","La Barca",20.2833,-102.5667,"C"
"226","Tepotzotlán",19.7161,-99.2236,"C"
"227","Santa Catarina Otzolotepec",18.5667,-97.25,"C"
"228","Heroica Caborca",30.7167,-112.15,"B"
"229","Zihuatanejo",17.6444,-101.5511,"A"
"230","Dolores Hidalgo Cuna de la Independencia Nacional",21.1516,-100.9369,"B"
"231","San Mateo Atenco",19.2667,-99.5333,"C"
"232","Ramos Arizpe",25.55,-100.9667,"B"
"233","Ocoyoacac",19.2739,-99.4606,"C"
"234","Torreón",25.5419,-103.4083,"B"
"235","Jocotitlán",19.7072,-99.7867,"C"
"236","Jiquílpan de Juárez",19.9942,-102.7172,"C"
"237","Autlán de Navarro",19.7667,-104.3667,"A"
"238","Coyula",20.6586,-103.2264,"C"
"239","Sabinas",27.9167,-101.3,"B"
"240","Santo Domingo Tehuantepec",16.3244,-95.2389,"A"
"241","Apaseo el Alto",20.45,-100.6167,"C"
"242","Santiago Tianguistenco",19.1797,-99.4706,"C"
"243","Misantla",19.9333,-96.85,"A"
"244","Guamúchil",25.4639,-108.0794,"B"
"245","Teoloyucan",19.7442,-99.1811,"C"
"246","Puerto Peñasco",31.3167,-113.5369,"B"
"247","Cortazar",20.4828,-100.9611,"B"
"248","Valle de Bravo",19.1925,-100.1306,"C"
"249","Huatusco",19.1489,-96.9661,"C"
"250","Atotonilco el Alto",20.5333,-102.5,"C"
"251","Huehuetoca",19.8342,-99.2033,"C"
"252","Altamira",22.3375,-97.8694,"A"
"253","Huauchinango",20.1767,-98.0528,"C"
"254","Balancán",17.8,-91.5333,"A"
"255","Temascalcingo",19.9147,-100.0036,"C"
"256","Zempoala",19.9153,-98.6689,"C"
"257","Jerez de García Salinas",22.6481,-102.9903,"B"
"258","Santiago Tuxtla",18.4653,-95.3025,"A"
"259","Cosamaloapan",18.3667,-95.8,"A"
"260","Alvarado",18.7811,-95.7572,"A"
"261","Tezonapa",18.6,-96.6833,"A"
"262","Acambay",19.9539,-99.8431,"C"
"263","Acámbaro",20.0361,-100.7314,"C"
"264","Uman",20.8833,-89.75,"A"
"265","Chiapa de Corzo",16.7069,-93.0139,"A"
"266","Nuevo Casas Grandes",30.4167,-107.9167,"B"
"267","Oxchuc",16.7833,-92.2833,"C"
"268","Tequisquiapan",20.5206,-99.8958,"B"
"269","Ixhuatlán de Madero",20.6833,-98.0167,"A"
"270","Encarnación de Díaz",21.5167,-102.2333,"B"
"271","Pinotepa",16.3412,-98.0537,"A"
"272","Simojovel de Allende",17.15,-92.7167,"A"
"273","San José Villa de Allende",19.3747,-100.1475,"C"
"274","Tizimín",21.1425,-88.1647,"A"
"275","Tlacotepec",18.6882,-97.6489,"B"
"276","Taxco de Alarcón",18.5564,-99.605,"C"
"277","Uriangato",20.1333,-101.1667,"C"
"278","Acatzingo",18.9817,-97.7822,"C"
"279","Huamantla",19.3133,-97.9228,"C"
"280","Palenque",17.4333,-91.8,"A"
"281","Umán",20.8833,-89.75,"A"
"282","Zumpango",19.7969,-99.0992,"C"
"283","Francisco I. Madero",25.7753,-103.2731,"B"
"284","Tepeapulco",19.7856,-98.5517,"C"
"285","San Pedro",25.7578,-102.9831,"B"
"286","Santa Lucía del Camino",17.0667,-96.7,"B"
"287","Catemaco",18.4167,-95.1167,"A"
"288","Cintalapa de Figueroa",16.6978,-93.7203,"A"
"289","Valladolid",20.6894,-88.2017,"A"
"290","Jiménez",27.13,-104.9067,"B"
"291","San Pedro Mixtepec",16,-97.1169,"A"
"292","Colonia del Sol",22.9125,-109.9208,"B"
"293","Cuetzalan",20.0333,-97.5167,"C"
"294","Ocosingo",16.9072,-92.0961,"A"
"295","Pabellón de Arteaga",22.15,-102.2667,"B"
"296","Buena Vista Tomatlán",19.2102,-102.5869,"B"
"297","Chenalhó",16.9333,-92.5667,"C"
"298","Calimaya",19.1608,-99.6172,"C"
"299","Santiago",25.4333,-100.1333,"C"
"300","Teotihuacan",19.6897,-98.8608,"C"
"301","Santa Ana Chiautempan",19.3167,-98.1833,"C"
"302","San Francisco de los Romo",22.0833,-102.2667,"B"
"303","La Independencia",16.2526,-92.0237,"C"
"304","Tlalmanalco",19.2044,-98.8025,"C"
"305","Acaxochitlán",20.1667,-98.2,"C"
"306","Santa María Huatulco",15.85,-96.3333,"A"
"307","Guacharachi",27.15,-107.3167,"C"
"308","Cuautepec de Hinojosa",20.15,-98.4333,"C"
"309","Ciudad de Huajuapam de León",17.8,-97.7667,"C"
"310","Montemorelos",25.1872,-99.8267,"C"
"311","Tres Valles",18.1667,-96.0167,"A"
"312","Meoqui",28.2722,-105.4819,"B"
"313","Jalacingo",19.8,-97.3,"C"
"314","Petatlán",17.5383,-101.2739,"A"
"315","Tlajomulco de Zúñiga",20.4736,-103.4431,"C"
"316","Zongolica",18.6667,-97,"C"
"317","Ciudad Constitución",25.0322,-111.6703,"B"
"318","Pedro Celestino Negrete",24.726,-102.984,"B"
"319","Loreto",22.2667,-101.9833,"B"
"320","Actopan",19.5036,-96.6192,"A"
"321","Isla",18.0333,-95.5333,"A"
"322","Hueyapan de Ocampo",18.15,-95.15,"A"
"323","Villa de Zaachila",16.9508,-96.7492,"B"
"324","Ocozocoautla de Espinosa",16.7625,-93.375,"A"
"325","Jesús María",21.9667,-102.35,"B"
"326","Tepalcatepec",19.1833,-102.85,"B"
"327","Atenco",19.5167,-98.9167,"B"
"328","Tecoanapa",16.8,-99.15,"A"
"329","Acatlán de Pérez Figueroa",18.5333,-96.6,"A"
"330","Jocotepec",20.2863,-103.4304,"C"
"331","Coyuca de Catalán",18.3256,-100.6992,"A"
"332","Santa María Atzompa",17.1014,-96.7778,"B"
"333","Coyotepec",19.75,-99.1711,"C"
"334","Jáltipan de Morelos",17.9703,-94.7144,"A"
"335","Tezoyuca",19.5903,-98.9083,"C"
"336","Yajalón",17.1833,-92.3167,"A"
"337","Camargo",27.667,-105.167,"B"
"338","Cihuatlán",19.25,-104.5667,"A"
"339","Heroica Ciudad de Tlaxiaco",17.2077,-97.6798,"C"
"340","Zimapan",20.7333,-99.3833,"B"
"341","Yecapixtla",18.8833,-98.865,"A"
"342","Matías Romero",16.8667,-95.0333,"A"
"343","Temascal",18.2394,-96.4031,"A"
"344","Villa del Carbón",19.7272,-99.5417,"C"
"345","Apan",19.7,-98.4333,"C"
"346","Playa Vicente",17.8333,-95.8167,"A"
"347","Axochiapan",18.5,-98.75,"A"
"348","Nueva Rosita",27.9372,-101.2172,"B"
"349","Ciudad Melchor Múzquiz",27.8667,-101.5,"C"
"350","Galeana",24.8333,-100.0667,"B"
"351","Juan Rodríguez Clara",18,-95.4,"A"
"352","Empalme",27.9617,-110.8125,"B"
"353","Zacatelco",19.2167,-98.2333,"C"
"354","Santa Clara del Cobre",19.405,-101.638,"C"
"355","San Felipe Orizatlán",21.1719,-98.6064,"A"
"356","Xico",19.417,-97,"C"
"357","Zacualtipán",20.65,-98.65,"C"
"358","Cananea",30.9828,-110.3017,"C"
"359","Tlapa de Comonfort",17.5461,-98.5764,"A"
"360","San Juan Cancuc",16.9333,-92.3833,"A"
"361","Ameca",20.5486,-104.0431,"C"
"362","Tlalixcoyan",18.8031,-96.0611,"A"
"363","Calpulalpan",19.5869,-98.5683,"C"
"364","Jalapa",17.7,-92.8,"A"
"365","Mixquiahuala de Juarez",20.2311,-99.2131,"B"
"366","Melchor Ocampo",19.7083,-99.1444,"C"
"367","Villaflores",16.2355,-93.2677,"A"
"368","Tuxpan",19.5539,-103.3756,"A"
"369","Perote",19.5619,-97.2419,"C"
"370","Paracho de Verduzco",19.65,-102.0667,"C"
"371","Progreso",21.2828,-89.6636,"B"
"372","Mariano Escobedo",18.9167,-97.1333,"C"
"373","Salvatierra",20.2156,-100.8961,"C"
"374","Ciudad Manuel Doblado",20.7303,-101.9533,"C"
"375","Sayula",19.8667,-103.6167,"C"
"376","Jaral del Progreso",20.3667,-101.0667,"C"
"377","Tomatlán",19.9369,-105.25,"A"
"378","Santiago Juxtlahuaca",17.3333,-98.0167,"C"
"379","Coatepec Harinas",18.9,-99.7167,"C"
"380","Zacatepec",18.6833,-99.1833,"A"
"381","Berriozábal",16.8003,-93.2733,"A"
"382","Miahuatlán de Porfirio Díaz",16.3167,-96.5833,"B"
"383","Tamuín",22,-98.7833,"A"
"384","Tonalá",16.0914,-93.7518,"A"
"385","Ciudad de Allende",25.2833,-100.0167,"C"
"386","Tangancícuaro de Arista",19.887,-102.208,"C"
"387","Soteapan",18.2333,-94.8667,"A"
"388","Río Grande",23.8225,-103.0361,"B"
"389","Tenosique",17.4756,-91.4225,"A"
"390","Ocuilan de Arteaga",19,-99.4,"C"
"391","Santa Ana Nextlalpan",19.7167,-99.0667,"C"
"392","La Huacana",18.9625,-101.8069,"A"
"393","Tepeji del Río de Ocampo",19.9039,-99.3414,"C"
"394","Acatlán de Osorio",18.2086,-98.0575,"B"
"395","San Juan Evangelista",17.8833,-95.1333,"A"
"396","Parras de la Fuente",25.4403,-102.1792,"B"
"397","Zacatlán",19.9319,-97.96,"C"
"398","Tlanchinol",19.9892,-98.6786,"C"
"399","Ixtapan de la Sal",18.8333,-99.6833,"C"
"400","Paso de Ovejas",19.285,-96.44,"A"
"401","Tulum",20.2119,-87.4658,"A"
"402","Pánuco",22.05,-98.1833,"A"
"403","Temascalapa",19.8,-98.9,"C"
"404","Villanueva",22.3536,-102.8831,"B"
"405","San Felipe",21.4833,-101.2167,"B"
"406","Ticul",20.3953,-89.5339,"A"
"407","Sayula de Alemán",17.8833,-94.95,"A"
"408","Putla Villa de Guerrero",17.0167,-97.9167,"A"
"409","Nueva Italia de Ruiz",19.0194,-102.1089,"B"
"410","Huixtla",15.1383,-92.4658,"A"
"411","Ciudad Sabinas Hidalgo",26.5,-100.1833,"B"
"412","Paso del Macho",18.9667,-96.7167,"A"
"413","Turicato",19.05,-101.4167,"B"
"414","El Oro de Hidalgo",19.8008,-100.1314,"C"
"415","Amatenango de la Frontera",15.5333,-92.0833,"A"
"416","Amecameca de Juárez",19.75,-99.1711,"C"
"417","Tecozautla",20.5333,-99.6333,"B"
"418","Cuauhtémoc",19.3281,-103.6028,"A"
"419","Tequila",20.8828,-103.8367,"A"
"420","Tancítaro",19.3378,-102.3625,"C"
"421","Rodolfo Sánchez Taboada",31.7958,-116.5911,"B"
"422","Champotón",19.35,-90.7167,"A"
"423","Juanacatlán",20.5,-103.1667,"C"
"424","Capulhuac",19.2,-99.4667,"C"
"425","Jonuta",18.0833,-92.1333,"A"
"426","Escuinapa",22.835,-105.778,"A"
"427","Tepetlaoxtoc",19.5731,-98.8203,"C"
"428","Magdalena de Kino",30.6167,-111.05,"B"
"429","Temascaltepec de González",19.0433,-100.0414,"C"
"430","Huatabampo",27.05,-109.4167,"B"
"431","San Salvador El Seco",19.1333,-97.65,"C"
"432","Ometepec",16.6833,-98.4167,"A"
"433","Nanchital de Lázaro Cárdenas del Río",18.0667,-94.4167,"A"
"434","Villa Donato Guerra",19.3083,-100.1422,"C"
"435","Xalatlaco",19.1811,-99.4164,"C"
"436","Escárcega",18.6067,-90.7344,"A"
"437","Juchitepec",19.0997,-98.8792,"C"
"438","San Rafael",20.1889,-96.8658,"A"
"439","Actopan",20.2681,-98.9442,"B"
"440","Zapotiltic",19.627,-103.417,"C"
"441","San Fernando",24.8504,-98.16,"C"
"442","Ozumba",19.0392,-98.7936,"C"
"443","Teapa",17.5483,-92.953,"A"
"444","Reforma",17.8658,-93.1472,"A"
"445","Úrsulo Galván",19.4,-96.3,NA
"446","Abasolo",20.45,-101.517,"C"
"447","Las Rosas",16.3667,-92.35,"C"
"448","Navolato",24.7656,-107.7019,"B"
"449","San Salvador",20.2833,-99.0153,"B"
"450","Ciudad Sahagun",19.7714,-98.5803,"C"
"451","Cuitzeo del Porvenir",19.9686,-101.1394,"C"
"452","Zacoalco de Torres",20.2333,-103.5833,"B"
"453","Metepec",19.2511,-99.6047,"C"
"454","Tetela de Ocampo",19.8167,-97.8,"C"
"455","Xochistlahuaca",16.7914,-98.2419,"A"
"456","San Felipe Jalapa de Díaz",18.0667,-96.5333,"A"
"457","Nochistlán de Mejía",21.3642,-102.8464,"C"
"458","Quiroga",19.6667,-101.5333,"C"
"459","Villa Luvianos",18.92,-100.2983,"A"
"460","Motozintla",15.3632,-92.2477,"A"
"461","Tlalpujahua de Rayón",19.805,-100.1744,"C"
"462","Soledad de Doblado",19.05,-96.4167,"A"
"463","Atlautla",19,-98.7167,"C"
"464","San Juan Guichicovi",16.9667,-95.0833,"A"
"465","Contla",19.3333,-98.1667,"C"
"466","Apaxco de Ocampo",19.98,-99.17,"C"
"467","Los Reyes de Juárez",18.9458,-97.8058,"C"
"468","Tuxpan",19.5661,-100.4625,"C"
"469","Jalpan",21.2167,-99.4725,"C"
"470","Castaños",26.7833,-101.4167,"B"
"471","Cuerámaro",20.6258,-101.6739,"C"
"472","Tepehuacán de Guerrero",21.0131,-98.8442,"C"
"473","San Agustín Tlaxiaca",20.1144,-98.8867,"C"
"474","Villagrán",20.517,-100.983,"B"
"475","Amatepec",18.65,-100.15,"A"
"476","Nava",28.4214,-100.7675,"C"
"477","Atitalaquia",20.0583,-99.2208,"B"
"478","Acapetahua",15.2333,-92.7667,"A"
"479","Paracuaro",19.1467,-102.2194,"B"
"480","Tlaxcoapan",20.0953,-99.22,"B"
"481","Miacatlán",18.7722,-99.3547,"A"
"482","Cuajinicuilapa",16.4717,-98.4153,"A"
"483","Tecolutla",20.4797,-97.01,"A"
"484","Jaltenco",19.7511,-99.0931,"C"
"485","Tehuipango",18.5167,-97.05,"C"
"486","Santiago Papasquiaro",25.0439,-105.4192,"B"
"487","Tuxpan",21.8667,-105.45,"A"
"488","Huaquechula",18.7667,-98.55,"A"
"489","Puerto Escondido",15.8619,-97.0672,"A"
"490","Ciudad Altamirano",18.3472,-100.6531,"A"
"491","Tecax",20.2019,-89.2881,"A"
"492","Felipe Carrillo Puerto",19.5786,-88.0453,"A"
"493","Huejotzingo",19.1619,-98.4064,"C"
"494","Arriaga",16.2361,-93.8995,"A"
"495","Pinal de Amoles",21.1342,-99.4586,"C"
"496","Acatlán",20.2333,-103.5333,"B"
"497","Atlatlahucan",18.935,-98.9,"A"
"498","Miahuatlán",18.5667,-97.4333,"B"
"499","Álamo",20.9167,-97.675,"A"
"500","Santa María Tonameca",15.7458,-96.5472,"B"
"501","Sultepec",18.8667,-99.95,"C"
"502","Hunucmá",21.0153,-89.8744,"B"
"503","Ixhuatlancillo",18.9,-97.15,"C"
"504","Jamay",20.29,-102.71,"C"
"505","Zumpango del Río",17.65,-99.5,"B"
"506","Carlos A. Carrillo",18.3667,-95.75,"A"
"507","Amatán",17.3667,-92.8167,"A"
"508","San Agustín Loxicha",16.0167,-96.6167,"C"
"509","Las Margaritas",16.3159,-91.9816,"C"
"510","El Salto",23.7823,-105.3585,"C"
"511","Santa María Colotepec",15.8833,-96.9167,"A"
"512","Manlio Fabio Altamirano",19.1003,-96.3411,"A"
"513","Tantoyuca",21.35,-98.2333,"A"
"514","San Miguel Ocotenco",19.0666,-97.4525,"C"
"515","Ciudad Serdán",18.9833,-97.45,"C"
"516","Atotonilco el Grande",20.6667,-98.6667,"C"
"517","San Juan Cotzocón",17.1667,-95.7833,"C"
"518","Cazones de Herrera",20.7044,-97.3106,"A"
"519","Ahualulco de Mercado",20.6167,-103.8667,"C"
"520","Tecali",18.9,-97.9667,"C"
"521","San Martín Totolán",20.0833,-102.65,"C"
"522","Cerro Azul",21.192,-97.7409,"A"
"523","General Pánfilo Natera",22.665,-102.1097,"B"
"524","San Buenaventura",27.0625,-101.5467,"B"
"525","Doctor Mora",21.1425,-100.3192,"B"
"526","La Higuerita",19.5,-104.8833,"A"
"527","La Huerta",19.4833,-104.65,"A"
"528","Ozuluama de Mascareñas",21.6667,-97.85,"A"
"529","Motul",21.1667,-89.4667,"B"
"530","Tototlán",20.5333,-102.7833,"C"
"531","Soledad Atzompa",18.75,-97.15,"C"
"532","Tamiahua",21.2788,-97.4462,"A"
"533","Rafael Delgado",18.8167,-97.0667,"C"
"534","Oxkutzkab",20.3056,-89.4183,"A"
"535","Frontera",18.5336,-92.6469,NA
"536","Malinalco",18.9483,-99.4947,"C"
"537","Naolinco de Victoria",19.6367,-96.8525,"C"
"538","San Miguel de Papasquiaro",24.8304,-105.34,"C"
"539","Ojinaga",29.5644,-104.4164,"B"
"540","Tequixquiac",19.9097,-99.1417,"C"
"541","Yahualica de González Gallo",21.1781,-102.886,"C"
"542","Tlacolula de Matamoros",16.9542,-96.4792,"B"
"543","Huautla",21.0308,-98.285,"C"
"544","Emiliano Zapata",17.7446,-91.7651,"A"
"545","Puente Nacional",19.3333,-96.4833,"A"
"546","Acatlán",20.1444,-98.4383,"B"
"547","Yahualica",20.9531,-98.38,"C"
"548","Huejúcar",22.3591,-103.2108,"B"
"549","Ocatlán",19.3167,-98.2283,"C"
"550","Chalchihuitán",17.0333,-92.6167,"A"
"551","Axapusco",19.7194,-98.7972,"C"
"552","Pueblo Juárez",17.7,-93.2,"A"
"553","Charo",19.75,-101.05,"C"
"554","Magdalena",20.9167,-103.95,"C"
"555","Chapa de Mota",19.8144,-99.5269,"C"
"556","Comalapa",15.65,-92.15,"A"
"557","Tixtla de Guerrero",17.5667,-99.4,"A"
"558","Sombrerete",23.6333,-103.6397,"C"
"559","Ocotlán de Morelos",16.7914,-96.675,"C"
"560","Tlaltenango de Sánchez Román",21.7815,-103.3059,"C"
"561","Cuilapan de Guerrero",16.9972,-96.7817,"C"
"562","Chapala",20.2961,-103.1911,"C"
"563","Acatic",20.7803,-102.91,"C"
"564","San Martín de las Pirámides",19.7333,-98.8167,"C"
"565","Allende",28.3333,-100.8333,"B"
"566","Fortín de las Flores",18.9,-97,"C"
"567","Tapalpa",19.9445,-103.7585,"C"
"568","Degollado",20.4667,-102.15,"C"
"569","Valle Nacional",17.7667,-96.3,"A"
"570","Nogales",18.8167,-97.1667,"C"
"571","Chocamán",19.0167,-97.0333,"C"
"572","Altepexi",18.35,-97.3167,"B"
"573","Xoxocotla",18.685,-99.2439,"A"
"574","Texistepec",17.9,-94.8167,"A"
"575","Chachahuantla",20.2756,-98.1503,"C"
"576","Pahuatlán de Valle",20.2756,-98.1503,"C"
"577","Tepexi de Rodríguez",18.5833,-97.9333,"B"
"578","Chapulhuacán",21.1547,-98.9039,"C"
"579","La Resolana",19.3425,-104.2878,"A"
"580","Atoyac de Álvarez",17.2,-100.4333,"A"
"581","Colonia General Felipe Ángeles",23.9167,-104.6,"B"
"582","Santa María Chilchotla",18.2333,-96.8167,"C"
"583","Las Vigas de Ramírez",19.6369,-97.1,"C"
"584","Cruz Grande",16.7333,-99.1333,"A"
"585","Huanímaro",20.3675,-101.4969,"C"
"586","Villa Hidalgo",21.6667,-102.6,"B"
"587","Naranjos",21.3509,-97.6866,"A"
"588","Teopisca",16.55,-92.5,"C"
"589","Castillo de Teayo",20.75,-97.6333,"A"
"590","Etzatlán",20.7667,-104.1333,"C"
"591","Cárdenas",22.01,-99.652,"B"
"592","Ciudad Miguel Alemán",26.4003,-99.0253,"B"
"593","El Arenal",20.7,-103.6167,"C"
"594","Comapa",19.165,-96.8856,"C"
"595","Zimatlán de Álvarez",16.8667,-96.7833,"A"
"596","Tepetlixpa",19.0006,-98.8178,"C"
"597","Peto",20.1256,-88.9214,"A"
"598","Atlapexco",21.0221,-98.3543,"A"
"599","Calvillo",21.85,-102.7167,"B"
"600","Colotlán",22.2,-103.3,"B"
"601","Chiconcuac",19.55,-98.9,"C"
"602","Lerdo de Tejada",18.638,-95.5085,"A"
"603","San Juan Zitlaltepec",19.7167,-99.05,"C"
"604","Hidalgotitlán",17.7833,-94.6333,"A"
"605","Suchiapa",16.6181,-93.0942,"A"
"606","Jesús María",20.6078,-102.2242,"C"
"607","Cardonal",20.6167,-99.1167,"B"
"608","José Cardel",19.3667,-96.3667,"A"
"609","Mapastepec",15.4411,-92.8916,"A"
"610","Texcaltitlán",18.9297,-99.9372,"C"
"611","Puerto Morelos",20.8536,-86.8753,"A"
"612","Jamiltepec",16.2833,-97.8167,"A"
"613","Senguio",19.7328,-100.3522,"C"
"614","Cacahoatán",14.9898,-92.1681,"A"
"615","Cherán",19.6833,-101.95,"C"
"616","Ixtlahuacán del Río",20.8667,-103.25,"C"
"617","Cotija de la Paz",19.8167,-102.6833,"C"
"618","Santa Ana Jilotzingo",19.4,-99.2333,"C"
"619","Vista Hermosa de Negrete",20.2717,-102.4749,"C"
"620","San Ignacio Cerro Gordo",20.7333,-102.517,"C"
"621","Ajacuba",20.0833,-99.1167,"B"
"622","Huehuetla",20.1075,-97.6233,"C"
"623","Tlalnelhuayocan",19.5667,-96.9667,"C"
"624","Santa Catarina Juquila",16.2379,-97.2914,"A"
"625","Aldama",28.8386,-105.9111,"B"
"626","Asunción Nochixtlán",17.45,-97.2167,"B"
"627","Santa Cruz Zenzontepec",16.5333,-97.5,"A"
"628","Coalcomán de Vázquez Pallares",18.7833,-103.1667,"A"
"629","San Blas Atempa",16.3167,-95.2167,"A"
"630","Cuautitlán",19.4522,-104.3583,"A"
"631","Filomeno Mata",20.2,-97.7,"C"
"632","Santiago Ixcuintla",21.811,-105.2079,"A"
"633","San José Tenango",18.15,-96.7333,"C"
"634","Pijijiapan",15.6833,-93.2167,"A"
"635","San Sebastián Tutla",17.0667,-96.6667,"B"
"636","Xochiatipan de Castillo",20.8333,-98.285,"C"
"637","Tlacoachistlahuaca",16.7833,-98.2,"A"
"638","Cuquío",20.929,-103.0229,"C"
"639","Unión de San Antonio",21.128,-102.006,"C"
"640","Zapotlán del Rey",20.4674,-102.9248,"C"
"641","San Bartolo Tutotepec",20.4,-98.2,"C"
"642","Villa Corona",20.3989,-103.6889,"C"
"643","Mazapil",24.6383,-101.5553,"B"
"644","Benito Juárez",20.8833,-98.2,"A"
"645","Amacuzac",18.6,-99.37,"A"
"646","Palau",27.9167,-101.4167,"B"
"647","Santos Reyes Nopala",16.1,-97.15,"A"
"648","Compostela",21.2333,-104.9,"A"
"649","Moloacán",17.9833,-94.35,"A"
"650","Tenango de Doria",20.3356,-98.2267,"C"
"651","Ciudad Hidalgo",14.6792,-92.1497,"A"
"652","Pajapan",18.2667,-94.6833,"A"
"653","Tepatlaxco",19.0667,-97.9667,"C"
"654","Tasquillo",20.6167,-99.25,"C"
"655","Totutla",19.2167,-96.9667,"C"
"656","Ziracuaretiro",19.4333,-101.9167,"C"
"657","Mecayapan",18.2167,-94.8333,"A"
"658","Tecolotlán",20.1,-103.8333,"C"
"659","Ejutla de Crespo",16.5672,-96.7308,"B"
"660","Pisaflores",21.1933,-99.005,"A"
"661","Calnali",20.9,-98.5833,"C"
"662","Tlahuelilpan",20.1297,-99.2286,"B"
"663","San Felipe",31.0275,-114.8353,"B"
"664","Ignacio de la Llave",18.6618,-95.9721,"A"
"665","Peñamiller",21.0519,-99.815,"B"
"666","Dzitbalché",20.3167,-90.05,"A"
"667","San Juan Lalana",17.4667,-95.8833,"A"
"668","Guadalupe Victoria",19.2833,-97.3333,"C"
"669","Zinapécuaro",19.8603,-100.8275,"C"
"670","Alfajayucan",20.4,-99.35,"B"
"671","Salinas de Hidalgo",22.628,-101.7156,"B"
"672","San Julián",21.0167,-102.1667,"C"
"673","Nuevo San Juan Parangaricutiro",19.4,-102.1333,"C"
"674","Chinampa de Gorostiza",21.3667,-97.7333,"A"
"675","Jilotepec",19.6097,-96.9511,"C"
"676","Jalpa de Méndez",18.1764,-93.0631,"A"
"677","Epitacio Huerta",20.1348,-100.2934,"C"
"678","Santa María Petapa",16.8167,-95.1167,"A"
"679","Ciudad Guadalupe Victoria",24.4497,-104.1225,"B"
"680","Zapotlán de Juárez",19.9667,-98.85,"C"
"681","Juchique de Ferrer",19.8333,-96.7,"A"
"682","Cosautlán",19.3333,-96.9833,"C"
"683","Oteapan",18,-94.6667,"A"
"684","Santa Anita",30.5118,-111.1234,"B"
"685","Izamal",20.9314,-89.0178,"A"
"686","Venustiano Carranza",16.3294,-92.5625,"A"
"687","Santiago Tulantepec",20.0397,-98.3575,"C"
"688","Ciudad de Huitzuco",18.3,-99.35,"A"
"689","El Rosario",22.9922,-105.8572,"A"
"690","Vicente Guerrero",23.75,-103.9833,"B"
"691","Tlaltetela",19.3167,-96.9,"C"
"692","Ixhuatlán del Sureste",18.017,-94.38,"A"
"693","San Jacinto Amilpas",17.1,-96.7667,"B"
"694","La Cruz",23.9214,-106.8919,"B"
"695","Capilla de Guadalupe",20.65,-102.8,"C"
"696","Tatahuicapan",18.25,-94.7667,"A"
"697","Cosío",22.3667,-102.3,"B"
"698","Cochoapa el Grande",17.2,-98.45,"C"
"699","Madera",29.19,-108.1414,"C"
"700","Ayutla de los Libres",16.9,-99.2167,"A"
"701","Tanhuato de Guerrero",20.2819,-102.3319,"C"
"702","Amatitán",20.835,-103.731,"C"
"703","Erongarícuaro",19.5833,-101.7167,"C"
"704","Chilcuautla",20.3333,-99.2333,"B"
"705","Puréparo de Echaíz",19.9,-102.0167,"C"
"706","Pichucalco",17.5086,-93.1178,"A"
"707","Huasca de Ocampo",20.2028,-98.5758,"C"
"708","San Pedro Tapanatepec",16.3667,-94.2,"A"
"709","Zacualpan",18.7197,-99.78,"C"
"710","Nopala de Villagran",20.2528,-99.6433,"C"
"711","Huitzilan",19.9667,-97.6833,"C"
"712","La Magdalena Tlaltelulco",19.2667,-98.2,"C"
"713","El Arenal",20.2167,-98.9167,"B"
"714","Zozocolco de Hidalgo",20.1333,-97.5833,"A"
"715","Acala",16.5533,-92.8069,"A"
"716","Talpa de Allende",20.3806,-104.8222,"C"
"717","Calkiní",20.3667,-90.05,"A"
"718","Tecuala",22.4004,-105.46,"A"
"719","Coquimatlán",19.2038,-103.8086,"A"
"720","Chemax",20.655,-87.9372,"A"
"721","San Mateo del Mar",16.2,-94.9833,"A"
"722","Huixcolotla",18.9147,-97.7736,"B"
"723","Cerritos",22.4275,-100.2783,"B"
"724","Tepetzintla",21.1658,-97.8511,"C"
"725","Loreto",26.0128,-111.3433,"B"
"726","Tlaxcala",19.3125,-98.24,"C"
"727","Mineral del Monte",20.1333,-98.6667,"C"
"728","Técpan de Galeana",17.25,-100.6833,"A"
"729","Zontecomatlán de López y Fuentes",20.7667,-98.3333,"C"
"730","Guachochi",26.8194,-107.07,"C"
"731","Tlayacapan",18.9556,-98.9811,"C"
"732","Chiconquiaco",19.75,-96.8167,"C"
"733","Nacozari Viejo",30.3833,-109.6833,"B"
"734","Churumuco de Morelos",18.6167,-101.6333,"B"
"735","Santa Rosalía",27.3389,-112.2669,"B"
"736","Tianguistengo",20.7278,-98.6289,"C"
"737","San Andrés Timilpan",19.8667,-99.7333,"C"
"738","El Barrio de la Soledad",16.8,-95.1167,"A"
"739","Ciénega de Flores",25.95,-100.1833,"C"
"740","Bochil",16.9833,-92.9167,"A"
"741","Almoloya de Alquisiras",18.85,-99.85,"C"
"742","Juan Aldama",24.291,-103.394,"B"
"743","Grajales",19.25,-97.7833,"C"
"744","Santiago Jocotepec",17.5833,-95.8833,"A"
"745","Tepoztlán",18.9853,-99.0997,"C"
"746","Charcas",23.1261,-101.1128,"B"
"747","Santiago de Anaya",20.3844,-98.9647,"B"
"748","Ezequiel Montes",20.6667,-99.8833,"B"
"749","Mazamitla",19.9153,-103.0208,"C"
"750","Polotitlán de la Ilustración",20.2253,-99.8154,"C"
"751","Unión de Tula",19.957,-104.268,"A"
"752","Tampamolón Corona",21.5667,-98.8167,"A"
"753","San Pedro Pochutla",15.7476,-96.4666,"A"
"754","Aldama",22.9194,-98.0736,"C"
"755","Guerrero Negro",27.9589,-114.0561,"B"
"756","Tapilula",17.25,-93.0167,"A"
"757","Ixcatepec",21.2333,-98,"A"
"758","Chalma",21.2167,-98.4,"A"
"759","Ilamatlán",20.7833,-98.45,"C"
"760","Ascensión",31.0928,-107.9964,"B"
"761","Villa Unión",23.1883,-106.2158,"B"
"762","Cadereyta",20.7,-99.8167,"B"
"763","Soyaniquilpan",19.9892,-99.4361,"C"
"764","Miahuatlán",18.2833,-97.2833,"B"
"765","Villa Juárez",27.1278,-109.8426,"B"
"766","Santa María Jalapa del Marqués",16.4401,-95.4434,"B"
"767","Singuilucan",19.9675,-98.5178,"C"
"768","Mazatlán Villa de Flores",18.0167,-96.9167,"A"
"769","La Crucecita",15.7753,-96.1425,"B"
"770","Tezontepec",19.8833,-98.8167,"C"
"771","Nacozari de García",30.3736,-109.6864,"B"
"772","Chapantongo",20.2833,-99.4,"C"
"773","Valparaíso",22.7667,-103.5667,"B"
"774","Ayutla",20.0333,-104.4333,"C"
"775","Nuevo Ideal",24.8875,-105.0728,"B"
"776","Vicente Guerrero",30.7264,-115.9903,"B"
"777","Santa Cruz Amilpas",17.0667,-96.6833,"B"
"778","Pueblo Nuevo",17.15,-92.9,"C"
"779","Huazalingo",21.8156,-98.5078,"A"
"780","Santiago Amoltepec",16.6167,-97.5,"C"
"781","Isla Mujeres",21.2333,-86.7333,"A"
"782","Maxcanú",20.5833,-89.9833,"A"
"783","Xalpatlahuac",17.3333,-98.65,"C"
"784","El Fuerte",26.4214,-108.62,"B"
"785","Progreso",32.5842,-115.5842,"B"
"786","Bacalar",18.6769,-88.3953,"A"
"787","Villa Sola de Vega",16.5125,-96.9806,"A"
"788","Eloxochitlán",18.5088,-96.9227,"C"
"789","Santa Ana Maya",20,-101.0167,"C"
"790","San Pedro Jicayán",16.4167,-97.9833,"A"
"791","Santa Ana",30.5406,-111.1205,"B"
"792","San Miguel Xoxtla",19.1833,-98.3,"C"
"793","Mecatlán",20.2135,-97.6574,"C"
"794","Emiliano Zapata",19.65,-98.55,"C"
"795","Pantepec",17.1833,-93.05,"C"
"796","Tzintzuntzán",19.6283,-101.5789,"C"
"797","Juchipila",21.4103,-103.1175,"B"
"798","Cuichapa",18.7667,-96.8667,"A"
"799","Tempoal de Sánchez",21.5167,-98.3833,"A"
"800","La Magdalena Chichicaspa",19.4181,-99.3228,"C"
"801","Cocotitlán",19.2167,-98.85,"C"
"802","Citlaltépec",21.3366,-97.8784,"A"
"803","Yecuatla",19.8667,-96.7833,"C"
"804","San Carlos Yautepec",16.5,-96.1,"B"
"805","Jacala",21.0053,-99.1719,"C"
"806","El Parral",16.3662,-93.0067,"A"
"807","Pánuco de Coronado",24.5392,-104.3253,"B"
"808","Ojuelos de Jalisco",21.8667,-101.5833,"B"
"809","Jaltenango",15.8725,-92.725,"A"
"810","San Fernando",16.8717,-93.2063,"A"
"811","Abasolo",24.0559,-98.3733,"C"
"812","San Juan del Rio del Centauro del Norte",24.7667,-104.4667,"B"
"813","Chiautla de Tapia",18.3,-98.6039,"A"
"814","José María Morelos",19.75,-88.7,"A"
"815","Tolcayuca",19.95,-98.9167,"C"
"816","San Nicolás de los Ranchos",19.0667,-98.4833,"C"
"817","Ángel R. Cabada",18.5969,-95.4453,"A"
"818","San Pedro Ixcatlán",18.15,-96.5,"A"
"819","Mixtla de Altamirano",18.6,-97,"C"
"820","Tlachichilco",20.6217,-98.1994,"C"
"821","Tepetzintla",19.9667,-97.8333,"C"
"822","Santa Cruz Itundujia",16.8667,-97.65,"C"
"823","Jiquipilas",16.6677,-93.6505,"A"
"824","Huandacareo",19.9906,-101.275,"C"
"825","Espita",21.0128,-88.3047,"A"
"826","Epazoyucan",20.0177,-98.6361,"B"
"827","Olintla",20.1,-97.6833,"C"
"828","Muna",20.48,-89.72,"A"
"829","Sonoita",31.8614,-112.8544,"B"
"830","Ajijic",20.3,-103.2833,"C"
"831","Tlacolulan",19.6667,-97,"C"
"832","Zaragoza",17.9531,-94.6414,"A"
"833","Villa Purificación",19.8167,-104.7333,"A"
"834","Amatenango del Valle",16.5167,-92.4,"C"
"835","San Pablo Atlazalpan",19.2172,-98.909,"C"
"836","Anenecuilco",18.7781,-98.985,"A"
"837","González",22.8281,-98.4306,"A"
"838","Temamatla",19.2028,-98.87,"C"
"839","Pihuamo",18.95,-103.167,"C"
"840","Zaragoza",28.4869,-100.9175,"B"
"841","Jamapa",19.0411,-96.2411,"A"
"842","Candelaria",18.1835,-91.0463,"A"
"843","Mineral de Angangueo",19.6167,-100.2833,"C"
"844","San Luis de La Loma",17.2714,-100.8911,"A"
"845","La Trinitaria",16.1203,-92.0408,"C"
"846","Joquicingo",19.0556,-99.5467,"C"
"847","Tezoatlán de Segura y Luna",17.65,-97.8167,"C"
"848","Saucillo",28.0333,-105.2833,"B"
"849","Tixkokob",21.0022,-89.3936,"A"
"850","Acanceh",20.8133,-89.4524,"A"
"851","Álamos",27.0275,-108.94,"B"
"852","Nacajuca",18.1692,-93.0197,"A"
"853","Texcatepec",20.5833,-98.3667,"C"
"854","Soyaló",16.9333,-92.9833,"C"
"855","Villa Corzo",16.1848,-93.2677,"A"
"856","Totolapan",18.9869,-98.9197,"C"
"857","Emiliano Zapata",16.5392,-92.8967,"A"
"858","Villa Unión",23.9667,-104.0333,"B"
"859","Santa Bárbara",26.8133,-105.8203,"B"
"860","Santa Catarina Ayotzingo",19.2647,-98.8975,"C"
"861","Almoloya",19.7,-98.4,"C"
"862","Escuintla",15.3333,-92.6333,"A"
"863","Altamirano",16.7361,-92.0389,"A"
"864","San Ignacio Cohuirimpo",27.05,-109.4167,"B"
"865","Tenango del Aire",19.1575,-98.8581,"C"
"866","San Juanito",27.97,-107.6003,"C"
"867","Tierra Colorada",17.1656,-99.5264,"A"
"868","Candelaria Loxicha",15.9167,-96.4833,"A"
"869","Coacoatzintla",19.65,-96.9333,"C"
"870","Las Veredas",23.1503,-109.7061,"B"
"871","Santiago Tangamandapio",19.95,-102.4333,"C"
"872","Teotlaltzingo",19.2333,-98.4833,"C"
"873","Santiago Suchilquitongo",17.25,-96.8833,"C"
"874","Cuatro Ciénegas de Carranza",26.9861,-102.0664,"B"
"875","Molango",20.7844,-98.7175,"C"
"876","Coroneo",20.1333,-100.3333,"C"
"877","Canatlán",24.52,-104.78,"B"
"878","Teocuitatlán de Corona",20.0167,-103.1833,"C"
"879","Agua Blanca Iturbide",20.35,-98.35,"C"
"880","Hecelchakán",20.1667,-90.1333,"A"
"881","Jaltocan",21.1333,-98.5383,"A"
"882","Chavinda",20.0167,-102.45,"C"
"883","Minatitlán",19.3833,-104.05,"A"
"884","Tlalixtac de Cabrera",17.0667,-96.65,"B"
"885","Tetela del Volcán",18.8931,-98.7297,"C"
"886","San Blas",21.5397,-105.2856,"A"
"887","Akil",20.2656,-89.3478,"A"
"888","Mexicaltzingo",19.2092,-99.5858,"C"
"889","Cuapiaxtla de Madero",18.9167,-97.8167,"C"
"890","La Misión",21.1,-99.1333,"C"
"891","Chichihualco",17.655,-99.674,"A"
"892","Ciudad Tula",23,-99.72,"B"
"893","Parilla",17.9119,-92.9175,"A"
"894","Benemérito",16.5158,-90.6533,"A"
"895","Huejuquilla el Alto",22.6256,-103.8964,"C"
"896","Pajacuarán",20.1178,-102.5667,"C"
"897","San Pedro Huamelula",16.0167,-95.6667,"B"
"898","Platón Sánchez",21.2833,-98.3667,"A"
"899","China",25.7033,-99.2365,"B"
"900","San Nicolas Buenos Aires",19.1667,-97.55,"C"
"901","Tzucacab",20.0708,-89.0506,"A"
"902","Anáhuac",28.48,-106.7442,"B"
"903","Cuicatlan",17.8,-96.95,"B"
"904","Coycoyan de las Flores",17.2667,-98.2667,"C"
"905","Jilotlán de los Dolores",19.3719,-103.0193,"A"
"906","Huichapan",20.3733,-99.6489,"B"
"907","Cuencamé de Ceniceros",24.8667,-103.7,"B"
"908","Tekit",20.5322,-89.3314,"A"
"909","Etchojoa",26.8667,-109.65,"B"
"910","Ciudad Cuauhtémoc",21.2833,-98.3667,"A"
"911","Santo Tomás de los Plátanos",19.1817,-100.2589,"A"
"912","Pueblo Viejo",19.179,-100.2984,"A"
"913","San Gregorio Atzompa",19.0224,-98.3445,"C"
"914","Tepetlán",19.6667,-96.8,"C"
"915","Comala",19.3208,-103.7603,"A"
"916","Tila",17.3006,-92.4259,"A"
"917","Xicoténcatl",22.9958,-98.9447,"A"
"918","Villa Aldama",19.65,-97.2333,"C"
"919","Cuervos",32.6308,-114.8569,"B"
"920","Lototla",20.8392,-98.7178,"C"
"921","Chanal",16.6601,-92.2599,"C"
"922","Tlahualilo de Zaragoza",26.1083,-103.4431,"B"
"923","Seybaplaya",19.6394,-90.6883,NA
"924","Carácuaro",19.0167,-101.1261,"A"
"925","Santa María Jacatepec",17.85,-96.2,"A"
"926","San Juanito de Escobedo",20.8,-104,"C"
"927","Halachó",20.4764,-90.0819,"A"
"928","Zacualpan de Amilpas",18.7836,-98.7594,"A"
"929","Ecatzingo",18.95,-98.75,"C"
"930","San Agustín de las Juntas",17,-96.7167,"B"
"931","Doctor Arroyo",23.6667,-100.1667,"B"
"932","San Pablo Huixtepec",16.8167,-96.7833,"B"
"933","Choix",26.7086,-108.3253,"B"
"934","Mascota",20.5235,-104.7886,"C"
"935","Tlahuiltepa",20.9233,-98.9497,"C"
"936","Otumba",19.6989,-98.7572,"C"
"937","Santa Isabel Cholula",19,-98.3667,"C"
"938","Santa María Ajoloapan",19.9692,-99.0353,"C"
"939","Santo Domingo Petapa",16.8167,-95.1333,"A"
"940","Tecoh",20.7419,-89.4744,"A"
"941","Ciudad Insurgentes",25.2617,-111.7744,"B"
"942","Amatlán de los Reyes",18.8457,-96.9149,"A"
"943","Coatetelco",18.7294,-99.3256,"A"
"944","San Pedro Atocpan",19.2006,-99.0492,"C"
"945","Ixtapa Zihuatanejo",17.6367,-101.5514,"A"
"946","Chilón",17.1055,-92.2715,"A"
"947","San Francisco Ixhuatan",16.35,-94.4833,"A"
"948","Higuera de Zaragoza",25.95,-109.2833,"B"
"949","Tepechitlán",21.6667,-103.3333,"C"
"950","Lerma",19.8,-90.6,"A"
"951","Tzitzio",19.5856,-100.9231,"C"
"952","San Francisco Chimalpa",19.4419,-99.3419,"C"
"953","Almoloya del Río",19.1586,-99.4886,"C"
"954","La Junta",28.4778,-107.3317,"B"
"955","Santa María del Tule",17.0465,-96.6363,"B"
"956","Santa Cruz Atizapán",19.1756,-99.4886,"C"
"957","San José de Gracia",22.15,-102.4167,"B"
"958","Tepetitlan",20.1842,-99.3808,"B"
"959","Tataltepec de Valdés",16.3064,-97.5461,"A"
"960","Ayapango",19.1264,-98.8028,"C"
"961","Santa María Xadani",16.3667,-95.0167,"A"
"962","San Juan Ixcaquixtla",18.45,-97.8167,"C"
"963","Hostotipaquillo",21.2167,-103.85,"C"
"964","Lázaro Cárdenas",28.3897,-105.6236,"B"
"965","Monte Escobedo",22.3,-103.5667,"B"
"966","Teotitlán",18.1333,-97.0833,"B"
"967","Pantelhó",17,-92.4833,"A"
"968","Rayón",19.1481,-99.58,"C"
"969","Vícam Pueblo",27.6422,-110.2897,"B"
"970","El Espinal",16.4906,-95.0444,"A"
"971","Ahumada",30.6186,-106.5122,"B"
"972","Coahuitlán",20.2667,-97.7167,"A"
"973","San Pedro Ixtlahuaca",17.05,-96.8167,"C"
"974","Ayotoxco de Guerrero",20.1,-97.4,"A"
"975","Bacobampo",26.9889,-109.65,"B"
"976","Hueyotlipan",18.9,-97.85,"C"
"977","San Pablo Villa de Mitla",16.917,-96.4,"B"
"978","San Quintín",30.4837,-115.95,"B"
"979","Esperanza",27.58,-109.9298,"B"
"980","Nautla",20.2167,-96.7833,"A"
"981","Altata",24.6333,-107.9167,"B"
"982","Mazatán",29.0167,-110.1333,"B"
"983","Punta Prieta",28.9289,-114.1556,"B"
